File,X,Y,Z
0.jpg,-0.036430134219003873,0.32258532084521363,0.588495134934867
1.jpg,-0.8884462310955525,-0.18375107324364937,1.495101643396649
2.jpg,-0.13115402386001684,-0.6614330246323827,1.4712772385060875
3.jpg,-0.26110737597451306,-0.9612021753392967,1.0498021691603707
4.jpg,0.6263097470477152,-0.6097647479811956,2.289756362236817
