split_idx,mean_mse,sigma_mse,per_correct,epi_score
0,0.5426711501886337,0.16725219588412407,0.2,-44.93071
1,0.5240240448275083,0.16408110712928622,0.2,-51.68429
2,0.5467120131163584,0.16539141103469518,0.2,-46.555912
3,0.5397381125789502,0.16550976470703585,0.2,-49.76394
4,0.5299277180101634,0.16388248471195593,0.2,-53.32128
5,0.562,0.165,0.2,-47.85
